Nombre del Producto,URL de la Imagen
Klip Xtreme TuneXbuds Audífonos Bluetooth TWS - Negro,https://cdn.kemik.gt/2024/07/KTE-007BK-KLIPXTREME-1200x1200-01.-300x300.jpg
"Culpables 1 - Culpa Mía, Edición Limitada",https://cdn.kemik.gt/2024/10/9788413148816-1200x1200-1.-300x300.jpg
Reloj de Pared con Pantalla LED + Control - Negro,https://cdn.kemik.gt/2025/02/6942564466264-1200x1200-1.-300x300.jpg
Soft Touch Kit Floral Fantasy - Splash 2.5 oz + Crema para Manos y Cuerpo 1.9 oz,https://cdn.kemik.gt/2024/05/904202100001-1200x1200-1.-300x300.jpg
"EstraPlast Bolsas Medianas para Clasificación de Reciclaje 49 x 71 cm, 3 Rollos - 60 Unidades",https://cdn.kemik.gt/2025/02/BOLSA-RECICLAJE-MEDIANA-1200x1200-1.-300x300.jpg
Magic Balloons Globos de Agua de Llenado Rápido,https://cdn.kemik.gt/2021/05/MAGIC-BALLONS-1000X1000-3-300x300.jpg
Prosa Delineador Tintero para Ojos de 5 g - Café,https://cdn.kemik.gt/2025/02/15369-PROSA-1200x1200-1.-300x300.jpg
PHILIPS 6900 series Smart TV de 43&quot; Full HD,https://cdn.kemik.gt/2024/08/E43M92NSFSP5NNX-PHILIPS-1200x1200-01.-300x300.jpg
Erick Barrondo - Gorra Deportiva &quot;Quetzal&quot;,https://cdn.kemik.gt/2020/03/00006x01-1-300x300.jpg
Espumador de Leche - Verde,https://cdn.kemik.gt/2024/03/ESPUMADOR-CAFE-VERDE-1200X1200-1.-300x300.jpg
Rompecabezas Llega a la Cima del Mundo Maya - 12 Piezas,https://cdn.kemik.gt/2019/10/RompeCabezasTIKAL-300x225.jpg
"Mega Combo Bote para Basura Vaivén, Negro + Verde + Gris - 40 Litros",https://cdn.kemik.gt/2025/02/COMBO-MEGA-40L.-300x300.jpg
Paggo POS Mini,https://cdn.kemik.gt/2024/07/PAGGO-Mini-POS-1200X1200-1.-300x300.jpg
Baggu Monedero - Café,https://cdn.kemik.gt/2014/10/pouchs_molasses_hires-300x300.jpg
"Lady Venezia Set Noche, Crema Facial + Lifting Serum, Tratamiento Protector para Pieles Jóvenes",https://cdn.kemik.gt/2023/06/8054377626815-LADYVENEZIA-1200X1200-1.-300x300.jpg
Kingston Memoria USB 3.2 256GB Exodia M Gen 1 - Negro y Turquesa,https://cdn.kemik.gt/2022/09/DTXM-256GB-KINGSTON-1200X1200-1-1-300x300.jpg
Xiaomi Redmi Buds 6 Play Audífonos Bluetooth - Azul,https://cdn.kemik.gt/2024/11/RedmiBuds6PlayAzul1200x1200-1.-300x300.jpg
Amazon Echo Dot 5ta Gen Bocina Inteligente con Alexa - Negro,https://cdn.kemik.gt/2022/12/840080503653-AMAZON-ECHODOT5-BK-1200X1200-1.-700x700.-500x500.-300x300.jpg
Kingston Tarjeta MicroSD de 256GB Canvas Select Plus Clase 10,https://cdn.kemik.gt/2023/04/SDCS2:256GB-KINGSTON-1200x1200-1.-300x300.jpg
"Xiaomi A24i Monitor de 24&quot; Full HD, HDMI y DP a 100Hz - Negro",https://cdn.kemik.gt/2024/06/54387-XIAOMI-1200x1200-01.-300x300.jpg
Kingston Memoria USB 3.2 64GB Exodia M Gen 1 - Negro y Azul,https://cdn.kemik.gt/2022/07/DTXM64GB-KINGSTON-1200x1200-1-1-300x300.jpg
"Xiaomi Redmi Buds 6 Lite , Audífonos Bluetooth Negro",https://cdn.kemik.gt/2024/10/Redmi-BUDS-6-LITE-BLACK-1200X1200-1.-300x300.jpg
Amazon Echo Pop Bocina Inteligente con Alexa - Carbón,https://cdn.kemik.gt/2023/07/B09WNK39JN-AMAZON-ECHO-POP-CARBON-1200X1200-1.-300x300.jpg
Xiaomi Redmi Buds Essential Audífonos Bluetooth Negro,https://cdn.kemik.gt/2022/11/6934177799792-XIAOMI-1200X1200-1-1-300x300.jpg
Kingston Unidad de Estado Solido de 1TB M.2 2280 NV2 NVMe,https://cdn.kemik.gt/2022/10/SNV2S-1000G-KINGTON-1200X1200-1-300x300.jpg
Xiaomi Smart Band 9 Active Negro,https://cdn.kemik.gt/2024/12/59885-Xiaomi-1200x1200-1.-300x300.jpg
"Tp-Link Tapo C210 Cámara de Seguridad Wi-Fi 360° 2K, 3MP",https://cdn.kemik.gt/2023/03/TAPO-C210 -TPLINK-CAMARA-1200X1200-1.-300x300.jpg
"Xiaomi Redmi Buds 6 Lite , Audífonos Bluetooth Blanco",https://cdn.kemik.gt/2024/11/REDMI-BUDS-6-LITE-BLANCO-1200X1200-1.-300x300.jpg
Kingston Memoria MicroSD Canvas Go Plus 256GB con Adaptador SD,https://cdn.kemik.gt/2022/07/SDCG3256GB-KINGSTON-1200x1200-4-1-300x300.jpg
Xiaomi Redmi Buds 6 Play Audífonos Bluetooth - Blanco,https://cdn.kemik.gt/2024/09/BHR8773GL-REDMI-BUDS-6-PLAY-WHITE-1200X1200-1.-300x300.jpg
